customer_id,name,email
1,Jonathan Brown,jeffvalentine@gmail.com
2,Michael Garcia,davidcooper@hotmail.com
3,Elijah Thompson,emily25@yahoo.com
4,Craig Gillespie,adamsmelissa@moreno-mcdaniel.com
5,Daniel Perez,thompsonbenjamin@hotmail.com
6,Darren Thompson,wayne29@mendoza-camacho.com
7,Derrick Brown,clarkanthony@torres-cruz.com
8,Frances Johnson,michellecantu@hotmail.com
9,Nathan Salinas,mitchelljoshua@thomas-lambert.biz
10,Jeffery Cruz,krista69@murphy.com
11,Kelly Montoya,ywells@gmail.com
12,Jacob Martinez,luisjones@kennedy-peterson.info
13,Alex May,phill@bailey-parker.com
14,David Zuniga,perezwesley@gmail.com
15,Kevin Williams,ramoswilliam@weeks-hobbs.com
16,Cole Howe,kimberly43@greer.com
17,Kimberly Nunez,amber87@yahoo.com
18,Sara Stanley,wilsonleah@douglas-martin.biz
19,Kelly Atkins,pgarcia@hotmail.com
20,Ashley Faulkner,hatfielddamon@yahoo.com
21,Rebecca Martin,hsanchez@gmail.com
22,Debra Brennan,brooksbrandon@johnson-scott.com
23,Gabriela Johnson,richmonderin@bailey.com
24,Matthew Henry,mariabarron@lee.net
25,Michael Ward,johnsonrobert@parks.com
26,Samantha Wise,pattonjames@hotmail.com
27,Natalie Berger,kayla93@smith-schultz.org
28,Michael Lee,tmeadows@yahoo.com
29,Molly Sharp,kristen34@yahoo.com
30,Tracy Ward,crawfordjacob@gmail.com
31,Aaron Myers,laurenjackson@johnson.com
32,Michael Lewis,sharirogers@cohen.com
33,Derrick Boyd,sharonmiller@woods.info
34,Danielle Flores MD,pateldonald@sullivan.net
35,Brian Mullins,mikelewis@larsen.org
36,Brooke George,colemanevan@gmail.com
37,William Marshall,wigginsmark@yahoo.com
38,Scott Taylor,bradleymegan@byrd-rodriguez.info
39,Joshua Vaughn,richardsonlisa@hotmail.com
40,Ralph Collins,edwardzhang@yahoo.com
41,Thomas Brooks,jason46@hughes-mendoza.com
42,Shannon Patrick,gjohns@chase.com
43,Kayla Hodges,xellis@phillips-wilson.com
44,Katelyn Harrington,mlewis@gmail.com
45,Shannon Green,alexandra03@hotmail.com
46,Michael Rogers,matarobert@rivas.com
47,Jeanne Richardson,candacevaughn@andrews.net
48,Amy Rivera,jamesmejia@yahoo.com
49,Jennifer Richardson,zandrews@wells.com
50,Jimmy Hernandez,shancock@phillips.info
51,Jeffrey Caldwell,ggamble@gmail.com
52,Roger White,janice21@hotmail.com
53,Samuel Gibbs,riverscaroline@hotmail.com
54,Eugene Guerrero,ayalalarry@gmail.com
55,Donald Wade,carolyn71@gmail.com
56,Michael Watson,brandontate@gmail.com
57,Mark Morales,raymond58@benson-coleman.biz
58,William Rocha,barrywillis@carroll-reynolds.org
59,Sara Adams,garciarichard@hotmail.com
60,James Alvarez,charles32@weaver-vasquez.net
61,Paige Castillo,johnsonjames@foley.com
62,Alexander Barker,bennettjennifer@roberson.net
63,Kimberly Hines,amanda60@gmail.com
64,Timothy Romero,qruiz@giles-molina.com
65,Louis Frazier,taracarter@hotmail.com
66,Andrew Mendoza,stevensontammy@king-collier.biz
67,Jeanette Moore,anna69@love.com
68,Casey Vaughn,louisboyle@hotmail.com
69,Natalie Shaw,garciacarolyn@vega.com
70,Chloe Lynch,trevorcox@mills-ruiz.com
71,David Little,ogallegos@gmail.com
72,Justin Garcia,woodsusan@gmail.com
73,Krystal Payne,garrettrachel@hardy.com
74,Charles Brown,schmidtdavid@reynolds-ruiz.biz
75,Lisa Bryant,james55@silva-cruz.com
76,Donna Ortiz,tiffanyglover@smith-sullivan.com
77,Brandon Long,wbond@acosta-snyder.info
78,Angela Pierce,melinda84@gmail.com
79,Kimberly Bell,jeffreygreene@mccoy.com
80,Kathy Hicks,jonescraig@gmail.com
81,Ashley Gomez,davidarnold@hamilton.info
82,Anna Holt,jessica51@gmail.com
83,Meredith Key,slee@schwartz.com
84,Tyler Hill,bryan53@gmail.com
85,Jaime Singh,brookswilliam@hotmail.com
86,Katelyn Freeman,crystal39@gmail.com
87,Jessica Griffin,shane81@gmail.com
88,Peggy Larson,davidmalone@hotmail.com
89,Amanda Salinas,howard64@kim-white.net
90,Jose Wallace,sampsongarrett@ramsey.com
91,Thomas Barrera,richardguerrero@yahoo.com
92,Scott Lutz,schultzmelinda@hotmail.com
93,Adrian Stone,paynerebekah@powell.org
94,Jo Ayala,joshuajimenez@hotmail.com
95,Christina Smith,foliver@fisher.com
96,Kenneth Alvarado,fsanchez@smith.com
97,Tracey Kim,cruztaylor@morgan.com
98,Calvin Cox,kimberlygarner@yahoo.com
99,David Joseph,lisa10@wilcox.org
100,Raymond Boyd,wthomas@gmail.com
